reportingEntity,facilityName,type,state,electricityProductionGJ,electricityProductionMwh,scope1tCO2e,scope2tCO2e,totalEmissionstCO2e,emissionIntensitytMwh,gridConnected,grid,primaryFuel,importantNotes
ACCIONA ENERGY OCEANIA PTY LTD,Gunning Wind Farm,F,NSW,567719.0,157700.0,19,293.0,312,0.0,On,NEM,Wind,N/A
ACCIONA ENERGY OCEANIA PTY LTD,Royalla Solar Farm,F,ACT,213115.0,59199.0,0,15.0,15,0.0,On,NEM,Solar,N/A
ACCIONA ENERGY OCEANIA PTY LTD,Waubra Wind Farm,F,VIC,2461803.0,683834.0,77,1144.0,1221,0.0,On,NEM,Wind,N/A
ACCIONA ENERGY OCEANIA PTY LTD,Corporate Total,C,N/A,3242637.0,900733.0,96,1452.0,1548,,N/A,N/A,N/A,N/A
AGL ENERGY LIMITED,Banimboola Hydro,F,VIC,137094.0,38082.0,5,17.0,22,0.0,On,NEM,Hydro,N/A
AGL ENERGY LIMITED,Bayswater Power Station,F,NSW,50275548.0,13965430.0,12253123,8306.0,12261429,0.88,On,NEM,Black Coal,N/A
AGL ENERGY LIMITED,Bogong Power Station,F,VIC,266917.0,74144.0,83,839.0,922,0.0,On,NEM,Hydro,N/A
AGL ENERGY LIMITED,Burrendong Hydro,F,NSW,27428.0,7619.0,1,97.0,98,0.0,On,NEM,Hydro,N/A
AGL ENERGY LIMITED,Clover Hydro,F,VIC,151368.0,42047.0,3,51.0,54,0.0,On,NEM,Hydro,N/A
AGL ENERGY LIMITED,Coopers Cogeneration,F,SA,91666.0,25463.0,19260,86.0,19346,0.76,On,NEM,Gas,N/A
AGL ENERGY LIMITED,Copeton Hydro,F,NSW,139785.0,38829.0,1,75.0,76,0.0,On,NEM,Hydro,N/A
AGL ENERGY LIMITED,Dartmouth Hydro,F,VIC,1608089.0,446691.0,0,727.0,727,0.0,On,NEM,Hydro,N/A
AGL ENERGY LIMITED,Eildon Hydro,F,VIC,710341.0,197317.0,20,153.0,173,0.0,On,NEM,Hydro,N/A
AGL ENERGY LIMITED,Glenbawn Hydro,F,NSW,42254.0,11737.0,0,16.0,16,0.0,On,NEM,Hydro,N/A
AGL ENERGY LIMITED,Glenorchy Landfill Generation,F,TAS,43117.0,11977.0,745,1.0,746,0.06,On,NEM,Landfill Gas,N/A
AGL ENERGY LIMITED,Hallett (Stage 1) Wind Farm,F,SA,1136668.0,315741.0,135,217.0,352,0.0,On,NEM,Wind,N/A
AGL ENERGY LIMITED,Hallett (Stage 2) Wind Farm,F,SA,858516.0,238477.0,85,187.0,272,0.0,On,NEM,Wind,N/A
AGL ENERGY LIMITED,Hallett (Stage 4) Wind Farm,F,SA,1543714.0,428809.0,133,360.0,493,0.0,On,NEM,Wind,N/A
AGL ENERGY LIMITED,Hallett (Stage 5) Wind Farm,F,SA,489049.0,135847.0,75,175.0,250,0.0,On,NEM,Wind,N/A
AGL ENERGY LIMITED,Hobart Landfill Generation,F,TAS,27374.0,7604.0,427,0.0,427,0.06,On,NEM,Landfill Gas,N/A
AGL ENERGY LIMITED,Hunter Valley Gas Turbines,F,NSW,901.0,250.0,355,869.0,1224,1.42,On,NEM,Gas,N/A
AGL ENERGY LIMITED,Kincumber Landfill Generation,F,NSW,14613.0,4059.0,238,5.0,243,0.06,On,NEM,Landfill Gas,N/A
AGL ENERGY LIMITED,Liddell Power Station,F,NSW,24864251.0,6906736.0,6514993,46355.0,6561348,0.94,On,NEM,Black Coal,N/A
AGL ENERGY LIMITED,Loy Yang Power Station and Mine,F,VIC,58415084.0,16226412.0,18508708,268516.0,18777224,1.14,On,NEM,Brown Coal,N/A
AGL ENERGY LIMITED,Macarthur Wind Farm,F,VIC,3589748.0,997152.0,371,2655.0,3026,0.0,On,NEM,Wind,N/A
AGL ENERGY LIMITED,McKay Creek Hydro,F,VIC,317552.0,88209.0,0,6185.0,6185,0.0,On,NEM,Hydro,N/A
AGL ENERGY LIMITED,Moranbah Power Station,F,QLD,82912.0,23031.0,12327,1142.0,13469,0.54,On,NEM,Coal Seam Methane,N/A
AGL ENERGY LIMITED,Nyngan Solar Plant,F,NSW,33769.0,9380.0,9,59.0,68,0.0,On,NEM,Solar,N/A
AGL ENERGY LIMITED,Oaklands Hill Wind Farm,F,VIC,526539.0,146261.0,68,637.0,705,0.0,On,NEM,Wind,N/A
AGL ENERGY LIMITED,Rockingham Landfill Generation,F,WA,77364.0,21490.0,1320,6.0,1326,0.06,On,SWIS,Landfill Gas,N/A
AGL ENERGY LIMITED,Rubicon Hydro Scheme,F,VIC,167206.0,46446.0,0,47.0,47,0.0,On,NEM,Hydro,N/A
AGL ENERGY LIMITED,Shoalhaven Landfill Generation,F,NSW,19739.0,5483.0,356,8.0,364,0.06,On,NEM,Landfill Gas,N/A
AGL ENERGY LIMITED,Somerton Power Station,F,VIC,37669.0,10464.0,8378,2036.0,10414,0.8,On,NEM,Gas,N/A
AGL ENERGY LIMITED,Suncoast Biomass Generation Plant,F,QLD,3091.0,859.0,38,69.0,107,0.04,On,NEM,Macadamia Nut Shells,N/A
AGL ENERGY LIMITED,Torrens Island Power Station,F,SA,6057169.0,1682547.0,983263,15130.0,998393,0.58,On,NEM,Gas/Diesel,N/A
AGL ENERGY LIMITED,Wattle Point Wind Farm,F,SA,937578.0,260438.0,49,229.0,278,0.0,On,NEM,Wind,N/A
AGL ENERGY LIMITED,Werribee Biogas Generator,F,VIC,196824.0,54673.0,2902,1498.0,4400,0.05,On,NEM,Biogas,N/A
AGL ENERGY LIMITED,West Kiewa Hydro,F,VIC,422961.0,117489.0,0,1709.0,1709,0.0,On,NEM,Hydro,N/A
AGL ENERGY LIMITED,Wilpena Pound Solar Generation,F,SA,3172.0,881.0,624,0.0,624,0.71,Off,Off-grid,Solar,N/A
AGL ENERGY LIMITED,Woy Woy Landfill Generation,F,NSW,31209.0,8669.0,469,2.0,471,0.05,On,NEM,Landfill Gas,N/A
AGL ENERGY LIMITED,Yarrawonga Hydro,F,VIC,180662.0,50184.0,0,46.0,46,0.0,On,NEM,Hydro,N/A
AGL ENERGY LIMITED,Corporate Total,C,N/A,153528941.0,42646928.0,38308564,358510.0,38667074,,N/A,N/A,N/A,N/A
ALCOA AUSTRALIAN HOLDINGS PTY LTD,Alinta Pinjarra Generation Facility,F,WA,5900732.0,1639092.0,1301720,246.0,1301966,0.79,On,SWIS,Gas,N/A
ALCOA AUSTRALIAN HOLDINGS PTY LTD,Alinta Wagerup Generation Facility,F,WA,637048.0,176958.0,111432,6229.0,117661,0.63,On,SWIS,Gas/Diesel,N/A
ALCOA AUSTRALIAN HOLDINGS PTY LTD,Anglesea Power Station,F,VIC,4536940.0,1260261.0,1374358,411.0,1374769,1.09,On,NEM,Brown Coal,N/A
ALCOA AUSTRALIAN HOLDINGS PTY LTD,Corporate Total,C,N/A,11074720.0,3076311.0,2787510,6886.0,2794396,,N/A,N/A,N/A,N/A
ALINTA ENERGY FINANCE PTY LTD,Augusta Power Stations,F,SA,9524596.0,2645721.0,2734413,7994.0,2742407,1.03,On,NEM,Brown Coal,N/A
ALINTA ENERGY FINANCE PTY LTD,Bairnsdale Power Station,F,VIC,539356.0,149821.0,81092,1008.0,82100,0.54,On,NEM,Gas,N/A
ALINTA ENERGY FINANCE PTY LTD,Braemar Power Station,F,QLD,7907969.0,2196658.0,1243347,829.0,1244176,0.57,On,NEM,Coal Seam Methane,N/A
ALINTA ENERGY FINANCE PTY LTD,Newman Power Station,F,WA,832806.0,231335.0,138146,0.0,138146,0.6,Off,Off-grid,Gas,N/A
ALINTA ENERGY FINANCE PTY LTD,Port Hedland Power Station,F,WA,1763554.0,489876.0,388562,0.0,388562,0.79,On,NWIS,Gas,N/A
ALINTA ENERGY FINANCE PTY LTD,Corporate Total,C,N/A,20568281.0,5713411.0,4585560,9831.0,4595391,,N/A,N/A,N/A,N/A
APT PIPELINES LIMITED,Emu Downs Wind Farm,F,WA,913852.0,253848.0,91,343.0,434,0.0,On,SWIS,Wind,N/A
APT PIPELINES LIMITED,Corporate Total,C,N/A,913852.0,253848.0,91,343.0,434,,N/A,N/A,N/A,N/A
ARROW ENERGY HOLDINGS PTY LTD,Braemar 2 Power Station,F,QLD,9370735.0,2602982.0,1530289,854.0,1531143,0.59,On,NEM,Coal Seam Methane,N/A
ARROW ENERGY HOLDINGS PTY LTD,Corporate Total,C,N/A,9370735.0,2602982.0,1530289,854.0,1531143,,N/A,N/A,N/A,N/A
ATCO AUSTRALIA PTY. LTD.,Bulwer Island Energy Partnership facility,F,QLD,,,126378,45354.0,171732,,On,NEM,Gas,"The electricity production data is unavailable for this facility, pending further clarification of the data reported and/or pending outcome of regulatory matters.  The data on this facility may be made available in future publications."
ATCO AUSTRALIA PTY. LTD.,Karratha Power Station,F,WA,1706994.0,474165.0,270985,0.0,270985,0.57,On,NWIS,Gas,N/A
ATCO AUSTRALIA PTY. LTD.,Osborne facility,F,SA,,,608632,167.0,608799,,On,NEM,Gas,"The electricity production data is unavailable for this facility, pending further clarification of the data reported and/or pending outcome of regulatory matters.  The data on this facility may be made available in future publications."
ATCO AUSTRALIA PTY. LTD.,Corporate Total,C,N/A,1706994.0,474165.0,1005995,45521.0,1051516,,N/A,N/A,N/A,N/A
AUSTRALIAN CAPITAL EQUITY PTY LIMITED,LGP Belmont Administration & Kalamunda Facility,FA,WA,20.0,6.0,19,18.0,37,3.42,On,SWIS,Liquid Fuel,N/A
AUSTRALIAN CAPITAL EQUITY PTY LIMITED,LGP Canning Vale Facility,F,WA,2380.0,661.0,36,10.0,46,0.05,On,SWIS,Landfill Gas,N/A
AUSTRALIAN CAPITAL EQUITY PTY LIMITED,LGP Red Hill Facility,F,WA,91876.0,25521.0,1277,1.0,1278,0.05,On,SWIS,Landfill Gas,N/A
AUSTRALIAN CAPITAL EQUITY PTY LIMITED,LGP Tamala Park Facility,F,WA,114770.0,31881.0,1588,2.0,1590,0.05,On,SWIS,Landfill Gas,N/A
AUSTRALIAN CAPITAL EQUITY PTY LIMITED,Corporate Total,C,N/A,209046.0,58068.0,2920,31.0,2951,,N/A,N/A,N/A,N/A
AXIA ENERGY AUSTRALIA PTY LTD,Smithfield Power Partnership,F,NSW,3486738.0,968538.0,460102,0.0,460102,0.48,On,NEM,Gas,N/A
AXIA ENERGY AUSTRALIA PTY LTD,Corporate Total,C,N/A,3486738.0,968538.0,460102,0.0,460102,,N/A,N/A,N/A,N/A
BG INTERNATIONAL (AUS) INVESTMENTS PTY LIMITED,Condamine Power Station,F,QLD,2754361.0,765100.0,333565,526.0,334091,0.44,On,NEM,Gas,N/A
BG INTERNATIONAL (AUS) INVESTMENTS PTY LIMITED,Corporate Total,C,N/A,2754361.0,765100.0,333565,526.0,334091,,N/A,N/A,N/A,N/A
BHP BILLITON IRON ORE PTY. LTD.,Yarnima Power Station IOP,F,WA,1652126.0,458924.0,307351,0.0,307351,0.67,Off,Off-grid,Gas,N/A
BHP BILLITON IRON ORE PTY. LTD.,Corporate Total,C,N/A,1652126.0,458924.0,307351,0.0,307351,,N/A,N/A,N/A,N/A
BLUEWATERS POWER 1 PTY LTD,Bluewaters Power 1,F,WA,6025829.0,1673841.0,1482015,2327.0,1484342,0.89,On,SWIS,Black Coal,N/A
BLUEWATERS POWER 1 PTY LTD,Corporate Total,C,N/A,6025829.0,1673841.0,1482015,2327.0,1484342,,N/A,N/A,N/A,N/A
BLUEWATERS POWER 2 PTY LTD,Bluewaters Power 2,F,WA,6078158.0,1688377.0,1377635,1775.0,1379410,0.82,On,SWIS,Black Coal,N/A
BLUEWATERS POWER 2 PTY LTD,Corporate Total,C,N/A,6078158.0,1688377.0,1377635,1775.0,1379410,,N/A,N/A,N/A,N/A
BPIH PTY LIMITED,Brookfield District Energy (GX) Pty Ltd,F,NSW,78204.0,21723.0,11861,22049.0,33910,0.55,On,NEM,Gas,N/A
BPIH PTY LIMITED,Corporate Total,C,N/A,78204.0,21723.0,11861,22049.0,33910,,N/A,N/A,N/A,N/A
CANUNDA POWER PTY LTD,Canunda Wind Farm,F,SA,445274.0,123687.0,17,156.0,173,0.0,On,NEM,Wind,N/A
CANUNDA POWER PTY LTD,Corporate Total,C,N/A,445274.0,123687.0,17,156.0,173,,N/A,N/A,N/A,N/A
CAPE BYRON MANAGEMENT PTY LTD,Broadwater Power Plant,F,NSW,643940.0,178872.0,6032,1423.0,7455,0.03,On,NEM,Bagasse,N/A
CAPE BYRON MANAGEMENT PTY LTD,Condong Power Plant,F,NSW,375693.0,104359.0,3007,1687.0,4694,0.03,On,NEM,Bagasse,N/A
CAPE BYRON MANAGEMENT PTY LTD,Corporate Total,C,N/A,1019633.0,283231.0,9039,3110.0,12149,,N/A,N/A,N/A,N/A
CLARKE ENERGY (AUSTRALIA) PTY. LTD.,Daandine Power Station,F,QLD,,,125058,0.0,125058,,On,NEM,Coal Seam Methane,"The electricity production data is unavailable for this facility, pending further clarification of the data reported and/or pending outcome of regulatory matters.  The data on this facility may be made available in future publications."
CLARKE ENERGY (AUSTRALIA) PTY. LTD.,Corporate Total,C,N/A,,,125058,0.0,125058,,N/A,N/A,N/A,N/A
CONTRACT POWER AUSTRALIA PTY LTD,FMG Cloud Break Mine Site Power Station,F,WA,643454.0,178737.0,110575,0.0,110575,0.62,Off,Off-grid,Diesel,N/A
CONTRACT POWER AUSTRALIA PTY LTD,Norseman Gold Power Station,F,WA,50926.0,14146.0,10193,0.0,10193,0.72,Off,Off-grid,Diesel,N/A
CONTRACT POWER AUSTRALIA PTY LTD,Corporate Total,C,N/A,694380.0,192883.0,120768,0.0,120768,,N/A,N/A,N/A,N/A
CS ENERGY LIMITED,Callide A Power Station,F,QLD,362952.0,100820.0,123177,43885.0,167062,1.22,On,NEM,Black Coal,N/A
CS ENERGY LIMITED,Callide B Power Station,F,QLD,12706326.0,3529535.0,3285158,34530.0,3319688,0.93,On,NEM,Black Coal,N/A
CS ENERGY LIMITED,Callide C Power Station,F,QLD,19988727.0,5552424.0,4961514,20952.0,4982466,0.89,On,NEM,Black Coal,"Please note that in some circumstances Joint Venture partners are required to report a full amount for each facility they have in a Joint Venture. This results in that facility appearing twice. The identified Joint Venture participants have each included the same data for the Callide C Power Station in their NGER reports. This is because neither participant had the greatest ability to introduce and implement the operating and environmental policies in relation to the facility, and a nomination of operational control has not been made."
CS ENERGY LIMITED,Kogan Creek Power Station,F,QLD,20633364.0,5731490.0,4761463,2411.0,4763874,0.83,On,NEM,Black Coal,N/A
CS ENERGY LIMITED,Wivenhoe Power Station,F,QLD,72877.0,20244.0,23,50466.0,50489,0.0,On,NEM,Hydro,N/A
CS ENERGY LIMITED,Corporate Total,C,N/A,53764246.0,14934513.0,13131335,152244.0,13283579,,N/A,N/A,N/A,N/A
CWF HOLDINGS PTY LTD,Collgar Wind Farm,F,WA,2566405.0,712890.0,227,611.0,838,0.0,On,SWIS,Wind,N/A
CWF HOLDINGS PTY LTD,Corporate Total,C,N/A,2566405.0,712890.0,227,611.0,838,,N/A,N/A,N/A,N/A
CWP RENEWABLES PTY LTD,Boco Rock Wind Farm Pty Ltd,F,NSW,751603.0,208779.0,55,720.0,775,0.0,On,NEM,Wind,N/A
CWP RENEWABLES PTY LTD,Taralga Wind Farm Pty Ltd,F,NSW,265563.0,73768.0,20,128.0,148,0.0,On,NEM,Wind,N/A
CWP RENEWABLES PTY LTD,Corporate Total,C,N/A,1017166.0,282546.0,75,848.0,923,,N/A,N/A,N/A,N/A
DELTA ELECTRICITY,Brown Mountain Power Station,F,NSW,48431.0,13453.0,6,0.0,6,0.0,On,NEM,Hydro,N/A
DELTA ELECTRICITY,Colongra PS,F,NSW,258467.0,71796.0,41565,3913.0,45478,0.58,On,NEM,Gas,N/A
DELTA ELECTRICITY,Vales Point Power Station,F,NSW,24972675.0,6936854.0,6020229,47711.0,6067940,0.87,On,NEM,Black Coal,N/A
DELTA ELECTRICITY,Corporate Total,C,N/A,25279573.0,7022104.0,6061800,51624.0,6113424,,N/A,N/A,N/A,N/A
DIAMANTINA HOLDING COMPANY PTY LIMITED,Diamantina Power Station,F,QLD,5410680.0,1502967.0,613667,95.0,613762,0.41,On,Mt Isa,Gas,N/A
DIAMANTINA HOLDING COMPANY PTY LIMITED,Corporate Total,C,N/A,5410680.0,1502967.0,613667,95.0,613762,,N/A,N/A,N/A,N/A
ECOGEN HOLDINGS PTY LTD,Jeeralang Power Station,F,VIC,79794.0,22165.0,15640,6730.0,22370,0.71,On,NEM,Gas,N/A
ECOGEN HOLDINGS PTY LTD,Newport Power Station,F,VIC,342893.0,95248.0,52641,24749.0,77390,0.55,On,NEM,Gas,N/A
ECOGEN HOLDINGS PTY LTD,Corporate Total,C,N/A,422687.0,117413.0,68281,31479.0,99760,,N/A,N/A,N/A,N/A
ELECTRICITY GENERATION AND RETAIL CORPORATION,Albany Wind Farm,F,WA,347600.0,96556.0,13,7.0,20,0.0,On,SWIS,Wind,N/A
ELECTRICITY GENERATION AND RETAIL CORPORATION,Bremer Bay Wind Diesel System,FA,WA,6664.0,1851.0,220,3.0,223,0.12,On,SWIS,Wind/Diesel,N/A
ELECTRICITY GENERATION AND RETAIL CORPORATION,Cockburn Power Station,F,WA,2369340.0,658150.0,260404,0.0,260404,0.4,On,SWIS,Gas,N/A
ELECTRICITY GENERATION AND RETAIL CORPORATION,Collie Power Station,F,WA,8061797.0,2239388.0,2024283,3244.0,2027527,0.9,On,SWIS,Black Coal,N/A
ELECTRICITY GENERATION AND RETAIL CORPORATION,Coral Bay Wind Diesel System,FA,WA,12118.0,3366.0,1813,0.0,1813,0.54,Off,Off-grid,Wind/Diesel,N/A
ELECTRICITY GENERATION AND RETAIL CORPORATION,Denham Wind Farm,F,WA,6871.0,1909.0,0,1.0,1,0.0,Off,Off-grid,Wind,N/A
ELECTRICITY GENERATION AND RETAIL CORPORATION,Esperance Wind Farm,F,WA,52851.0,14681.0,0,8.0,8,0.0,Off,Off-grid,Wind,N/A
ELECTRICITY GENERATION AND RETAIL CORPORATION,Geraldton Gas Turbine Station,F,WA,80.0,22.0,29,0.0,29,1.31,On,SWIS,Gas,N/A
ELECTRICITY GENERATION AND RETAIL CORPORATION,Hopetoun Wind Diesel System,FA,WA,19713.0,5476.0,2671,0.0,2671,0.49,Off,Off-grid,Wind/Diesel,N/A
ELECTRICITY GENERATION AND RETAIL CORPORATION,Kalbarri Photovoltaic,F,WA,81.0,23.0,0,4.0,4,0.0,On,SWIS,Solar,N/A
ELECTRICITY GENERATION AND RETAIL CORPORATION,Kalbarri Wind Farm,F,WA,15140.0,4206.0,0,6.0,6,0.0,On,SWIS,Wind,N/A
ELECTRICITY GENERATION AND RETAIL CORPORATION,Kalgoorlie Gas Turbine Station,F,WA,6739.0,1872.0,1751,0.0,1751,0.94,On,SWIS,Gas,N/A
ELECTRICITY GENERATION AND RETAIL CORPORATION,Kwinana Power Station,F,WA,3520116.0,977810.0,602488,700.0,603188,0.62,On,SWIS,Gas,N/A
ELECTRICITY GENERATION AND RETAIL CORPORATION,Muja Power Station,F,WA,13831474.0,3842076.0,3744318,1655.0,3745973,0.97,On,SWIS,Black Coal,N/A
ELECTRICITY GENERATION AND RETAIL CORPORATION,Mungarra Gas Turbine Station,F,WA,348804.0,96890.0,82909,0.0,82909,0.86,On,SWIS,Gas,N/A
ELECTRICITY GENERATION AND RETAIL CORPORATION,Pinjar Gas Turbine Station,F,WA,1670548.0,464041.0,376980,0.0,376980,0.81,On,SWIS,Gas,N/A
ELECTRICITY GENERATION AND RETAIL CORPORATION,South West Cogeneration Joint Venture,F,WA,3568929.0,991369.0,623890,37.0,623927,0.63,On,SWIS,Gas,N/A
ELECTRICITY GENERATION AND RETAIL CORPORATION,Corporate Total,C,N/A,33838865.0,9399685.0,7721769,5665.0,7727434,,N/A,N/A,N/A,N/A
ELECTRICITY NETWORKS CORPORATION,Ravensthorpe Power Station,F,WA,701.0,195.0,138,0.0,138,0.71,On,SWIS,Liquid Fuel,N/A
ELECTRICITY NETWORKS CORPORATION,Corporate Total,C,N/A,701.0,195.0,138,0.0,138,,N/A,N/A,N/A,N/A
ENERGEX LIMITED,Energy Impact - Bromelton Peak Generation Plant,F,QLD,6745.0,1874.0,1402,427.0,1829,0.75,On,NEM,Liquid Fuel,N/A
ENERGEX LIMITED,Energy Impact - Generation,F,QLD,4125.0,1146.0,799,0.0,799,0.7,On,NEM,Liquid Fuel,N/A
ENERGEX LIMITED,Corporate Total,C,N/A,10870.0,3019.0,2201,427.0,2628,,N/A,N/A,N/A,N/A
ENERGY DEVELOPMENTS LIMITED,Appin CSM Power Station,F,NSW,588901.0,163584.0,124621,85.0,124706,0.76,On,NEM,Coal Seam Methane,N/A
ENERGY DEVELOPMENTS LIMITED,Ardyaloon Remote Power Station,F,WA,6385.0,1774.0,1275,0.0,1275,0.72,Off,Off-grid,Liquid Fuel,N/A
ENERGY DEVELOPMENTS LIMITED,Beagle Bay Remote Power Station,F,WA,5835.0,1621.0,1151,0.0,1151,0.71,Off,Off-grid,Liquid Fuel,N/A
ENERGY DEVELOPMENTS LIMITED,Belrose and Grange Avenue LFG Power Stations,FA,NSW,46595.0,12943.0,815,6.0,821,0.06,On,NEM,Landfill Gas,N/A
ENERGY DEVELOPMENTS LIMITED,Berwick LFG Power Station,F,VIC,86977.0,24160.0,1539,810.0,2349,0.06,On,NEM,Landfill Gas,N/A
ENERGY DEVELOPMENTS LIMITED,Bidyadanga Remote Power Staiton,F,WA,10466.0,2907.0,2094,0.0,2094,0.72,Off,Off-grid,Liquid Fuel,N/A
ENERGY DEVELOPMENTS LIMITED,Broadmeadows LFG Power Station,F,VIC,69413.0,19281.0,1230,10.0,1240,0.06,On,NEM,Landfill Gas,N/A
ENERGY DEVELOPMENTS LIMITED,Brooklyn LFG Power Station,F,VIC,61195.0,16999.0,1054,5.0,1059,0.06,On,NEM,Landfill Gas,N/A
ENERGY DEVELOPMENTS LIMITED,Broome LNG Power Station,F,WA,485698.0,134916.0,82255,0.0,82255,0.61,Off,Off-grid,Gas/Diesel,N/A
ENERGY DEVELOPMENTS LIMITED,Browns Plains LFG Power Station,F,QLD,40383.0,11218.0,712,4.0,716,0.06,On,NEM,Landfill Gas,N/A
ENERGY DEVELOPMENTS LIMITED,Century Power Station,FA,QLD,4393.0,1220.0,848,0.0,848,0.69,On,Mt Isa,Diesel,N/A
ENERGY DEVELOPMENTS LIMITED,Clayton LFG Power Station,F,VIC,290315.0,80643.0,4503,321.0,4824,0.06,On,NEM,Landfill Gas,N/A
ENERGY DEVELOPMENTS LIMITED,Coober Pedy Remote Power Station,F,SA,42860.0,11906.0,8348,0.0,8348,0.7,Off,Off-grid,Diesel,N/A
ENERGY DEVELOPMENTS LIMITED,Cue Remote Power Station,F,WA,6804.0,1890.0,1363,0.0,1363,0.72,Off,Off-grid,Liquid Fuel,N/A
ENERGY DEVELOPMENTS LIMITED,Derby LNG Power Station,F,WA,128739.0,35761.0,18528,0.0,18528,0.52,Off,Off-grid,Gas/Diesel,N/A
ENERGY DEVELOPMENTS LIMITED,Djarandjin Remote Power Station,F,WA,5837.0,1621.0,1157,0.0,1157,0.71,Off,Off-grid,Liquid Fuel,N/A
ENERGY DEVELOPMENTS LIMITED,Eastern Creek LFG Power Station,F,NSW,58449.0,16236.0,931,3.0,934,0.06,On,NEM,Landfill Gas,N/A
ENERGY DEVELOPMENTS LIMITED,EDL LFG (VIC),FA,VIC,28317.0,7866.0,502,7.0,509,0.06,On,NEM,Landfill Gas,N/A
ENERGY DEVELOPMENTS LIMITED,Fitzroy Crossing LNG Power Station,F,WA,52066.0,14463.0,7074,0.0,7074,0.49,Off,Off-grid,Gas/Diesel,N/A
ENERGY DEVELOPMENTS LIMITED,Gascoyne Junction Remote Power Station,F,WA,2847.0,791.0,603,0.0,603,0.76,Off,Off-grid,Liquid Fuel,N/A
ENERGY DEVELOPMENTS LIMITED,German Creek CMM Power Station,F,QLD,1101467.0,305963.0,166630,0.0,166630,0.54,On,NEM,Waste Coal Mine Gas,N/A
ENERGY DEVELOPMENTS LIMITED,Glennies Creek Power Station,F,NSW,326588.0,90719.0,53189,5.0,53194,0.59,On,NEM,Waste Coal Mine Gas,N/A
ENERGY DEVELOPMENTS LIMITED,Halls Creek LNG Power Station,F,WA,41237.0,11455.0,6357,0.0,6357,0.55,Off,Off-grid,Gas/Diesel,N/A
ENERGY DEVELOPMENTS LIMITED,Highbury and Tea Tree Gully Power Stations,FA,SA,12141.0,3373.0,220,42.0,262,0.07,On,NEM,Landfill Gas,N/A
ENERGY DEVELOPMENTS LIMITED,Jacks Gully LFG Power Station,F,NSW,56366.0,15657.0,991,1.0,992,0.06,On,NEM,Landfill Gas,N/A
ENERGY DEVELOPMENTS LIMITED,Karumba Power Station,F,QLD,51753.0,14376.0,9935,8.0,9943,0.69,Off,Off-grid,Diesel,N/A
ENERGY DEVELOPMENTS LIMITED,Laverton Remote Power Station,F,WA,13825.0,3840.0,2685,0.0,2685,0.7,Off,Off-grid,Liquid Fuel,N/A
ENERGY DEVELOPMENTS LIMITED,Leonora Remote Power Station,F,WA,32000.0,8889.0,6446,0.0,6446,0.73,Off,Off-grid,Gas,N/A
ENERGY DEVELOPMENTS LIMITED,Looma Power Station,FA,WA,9329.0,2591.0,2076,0.0,2076,0.8,Off,Off-grid,Gas/Diesel,N/A
ENERGY DEVELOPMENTS LIMITED,Lucas Heights 1 LFG Power Station,F,NSW,81911.0,22753.0,1447,3.0,1450,0.06,On,NEM,Landfill Gas,N/A
ENERGY DEVELOPMENTS LIMITED,Lucas Heights 2 LFG Power Station,F,NSW,363270.0,100908.0,6422,3.0,6425,0.06,On,NEM,Landfill Gas,N/A
ENERGY DEVELOPMENTS LIMITED,McArthur River Power Station,F,NT,1028823.0,285784.0,132182,0.0,132182,0.46,Off,Off-grid,Gas,N/A
ENERGY DEVELOPMENTS LIMITED,Meekatharra Remote Power Station,F,WA,23382.0,6495.0,4675,0.0,4675,0.72,Off,Off-grid,Liquid Fuel,N/A
ENERGY DEVELOPMENTS LIMITED,Menzies Remote Power Station,F,WA,2620.0,728.0,560,0.0,560,0.77,Off,Off-grid,Liquid Fuel,N/A
ENERGY DEVELOPMENTS LIMITED,Moranbah North CMM Power Station,F,QLD,1581863.0,439406.0,238554,0.0,238554,0.54,On,NEM,Waste Coal Mine Gas,N/A
ENERGY DEVELOPMENTS LIMITED,Mt Magnet Remote Power Station,F,WA,12419.0,3450.0,2514,0.0,2514,0.73,Off,Off-grid,Gas,N/A
ENERGY DEVELOPMENTS LIMITED,Mugga Lane LFG Power Station,F,ACT,79427.0,22063.0,1398,1.0,1399,0.06,On,NEM,Landfill Gas,N/A
ENERGY DEVELOPMENTS LIMITED,Oaky Creek Power Station,F,QLD,481153.0,133654.0,77508,23.0,77531,0.58,On,NEM,Coal Seam Methane,N/A
ENERGY DEVELOPMENTS LIMITED,Pedler Creek LFG Power Station,F,SA,68940.0,19150.0,1210,2.0,1212,0.06,On,NEM,Landfill Gas,N/A
ENERGY DEVELOPMENTS LIMITED,Pine Creek A Power Station,F,NT,651894.0,181082.0,90532,0.0,90532,0.5,On,DKIS,Gas,N/A
ENERGY DEVELOPMENTS LIMITED,Roghan Road LFG Power Station,FA,QLD,4877.0,1355.0,83,44.0,127,0.06,On,NEM,Landfill Gas,N/A
ENERGY DEVELOPMENTS LIMITED,Sandstone Remote Power Station,F,WA,1831.0,509.0,406,0.0,406,0.8,Off,Off-grid,Liquid Fuel,N/A
ENERGY DEVELOPMENTS LIMITED,Springvale LFG Power Station,F,VIC,60010.0,16669.0,1066,13.0,1079,0.06,On,NEM,Landfill Gas,N/A
ENERGY DEVELOPMENTS LIMITED,Tahmoor Power Station,F,NSW,167241.0,46456.0,29870,10.0,29880,0.64,On,NEM,Waste Coal Mine Gas,N/A
ENERGY DEVELOPMENTS LIMITED,Teralba Power Station,F,NSW,41260.0,11461.0,7316,32.0,7348,0.64,On,NEM,Coal Seam Methane,N/A
ENERGY DEVELOPMENTS LIMITED,Tower CSM Power Station,F,NSW,727327.0,202035.0,145425,9.0,145434,0.72,On,NEM,Coal Seam Methane,N/A
ENERGY DEVELOPMENTS LIMITED,Warmun Remote Power Station,F,WA,9744.0,2707.0,1967,0.0,1967,0.73,Off,Off-grid,Liquid Fuel,N/A
ENERGY DEVELOPMENTS LIMITED,West Belconnen LFG Power Station,F,ACT,11163.0,3101.0,201,8.0,209,0.06,On,NEM,Landfill Gas,N/A
ENERGY DEVELOPMENTS LIMITED,Wiluna Remote Power Station,F,WA,8252.0,2292.0,1657,0.0,1657,0.72,Off,Off-grid,Liquid Fuel,N/A
ENERGY DEVELOPMENTS LIMITED,Wingfield 1 LFG Power Station,F,SA,57947.0,16096.0,1019,1.0,1020,0.06,On,NEM,Landfill Gas,N/A
ENERGY DEVELOPMENTS LIMITED,Wingfield 2 LFG Power Station,F,SA,59665.0,16574.0,1049,1.0,1050,0.06,On,NEM,Landfill Gas,N/A
ENERGY DEVELOPMENTS LIMITED,Yalgoo Remote Power Station,F,WA,2895.0,804.0,616,0.0,616,0.77,Off,Off-grid,Liquid Fuel,N/A
ENERGY DEVELOPMENTS LIMITED,Corporate Total,C,N/A,9195095.0,2554193.0,1256809,1457.0,1258266,,N/A,N/A,N/A,N/A
ENERGY WORLD CORPORATION LTD,Brewer Power Station,F,NT,169861.0,47184.0,30511,14.0,30525,0.65,Off,Off-grid,Gas,N/A
ENERGY WORLD CORPORATION LTD,Corporate Total,C,N/A,169861.0,47184.0,30511,14.0,30525,,N/A,N/A,N/A,N/A
ENERGYAUSTRALIA HOLDINGS LIMITED,Cathedral Rocks Wind Farm,F,SA,620421.0,172339.0,65,128.0,193,0.0,On,NEM,Wind,N/A
ENERGYAUSTRALIA HOLDINGS LIMITED,Hallett Power Station,F,SA,80235.0,22288.0,23349,2735.0,26084,1.05,On,NEM,Gas/Diesel,N/A
ENERGYAUSTRALIA HOLDINGS LIMITED,Mt Piper Power Station,F,NSW,22617530.0,6282647.0,5432906,35153.0,5468059,0.86,On,NEM,Black Coal,N/A
ENERGYAUSTRALIA HOLDINGS LIMITED,Tallawarra Power Station,F,NSW,7496610.0,2082392.0,758611,2381.0,760992,0.36,On,NEM,Gas,N/A
ENERGYAUSTRALIA HOLDINGS LIMITED,Waterloo Wind Farm,F,SA,1063581.0,295439.0,66,226.0,292,0.0,On,NEM,Wind,N/A
ENERGYAUSTRALIA HOLDINGS LIMITED,Yallourn Power Station,F,VIC,40512852.0,11253570.0,14318960,301769.0,14620729,1.27,On,NEM,Brown Coal,N/A
ENERGYAUSTRALIA HOLDINGS LIMITED,Corporate Total,C,N/A,72391229.0,20108675.0,20533957,342392.0,20876349,,N/A,N/A,N/A,N/A
ERM POWER LIMITED,Newgen Neerabup Power Station,F,WA,449321.0,124811.0,75996,3033.0,79029,0.61,On,SWIS,Gas,N/A
ERM POWER LIMITED,Oakey Power Station,F,QLD,1796909.0,499141.0,311168,1956.0,313124,0.62,On,NEM,Gas,N/A
ERM POWER LIMITED,Corporate Total,C,N/A,2246230.0,623953.0,387164,4989.0,392153,,N/A,N/A,N/A,N/A
ESPERANCE POWER STATION PTY LTD,Esperance Power Station,F,WA,271834.0,75509.0,58134,0.0,58134,0.77,Off,Off-grid,Gas/Diesel,N/A
ESPERANCE POWER STATION PTY LTD,Corporate Total,C,N/A,271834.0,75509.0,58134,0.0,58134,,N/A,N/A,N/A,N/A
ESSENTIAL ENERGY,Essential Energy Generation Facilities,FA,NSW,1795.0,499.0,692,183.0,875,1.39,On,NEM,Multiple sources,N/A
ESSENTIAL ENERGY,Corporate Total,C,N/A,1795.0,499.0,692,183.0,875,,N/A,N/A,N/A,N/A
FPC 30 LIMITED,FPC Green Energy,F,QLD,355463.0,98740.0,3769,1645.0,5414,0.04,On,NEM,Biofuel,N/A
FPC 30 LIMITED,Corporate Total,C,N/A,355463.0,98740.0,3769,1645.0,5414,,N/A,N/A,N/A,N/A
GOLDFIELDS POWER PTY LTD,Parkeston Power Station,F,WA,814460.0,226239.0,134782,0.0,134782,0.6,On,SWIS,Gas/Diesel,N/A
GOLDFIELDS POWER PTY LTD,Corporate Total,C,N/A,814460.0,226239.0,134782,0.0,134782,,N/A,N/A,N/A,N/A
GSP ENERGY PTY LTD,Blayney Wind Farm,F,NSW,72296.0,20082.0,0,49.0,49,0.0,On,NEM,Wind,N/A
GSP ENERGY PTY LTD,Burrinjuck Power Station,F,NSW,305092.0,84748.0,0,105.0,105,0.0,On,NEM,Hydro,N/A
GSP ENERGY PTY LTD,Crookwell Wind Farm,F,NSW,28521.0,7923.0,0,33.0,33,0.0,On,NEM,Wind,N/A
GSP ENERGY PTY LTD,Hume Power Station,F,NSW,755051.0,209736.0,0,298.0,298,0.0,On,NEM,Hydro,N/A
GSP ENERGY PTY LTD,Keepit Power Station,F,NSW,10253.0,2848.0,0,0.0,0,0.0,On,NEM,Hydro,N/A
GSP ENERGY PTY LTD,Corporate Total,C,N/A,1171213.0,325337.0,0,485.0,485,,N/A,N/A,N/A,N/A
HRL LIMITED,Energy Brix Australia Corporation,F,VIC,150097.0,41694.0,100703,18935.0,119638,2.42,On,NEM,Brown Coal,N/A
HRL LIMITED,Corporate Total,C,N/A,150097.0,41694.0,100703,18935.0,119638,,N/A,N/A,N/A,N/A
HYDRO POWER PTY. LIMITED,Wyangala A,F,NSW,138482.0,38467.0,0,0.0,0,0.0,On,NEM,Hydro,N/A
HYDRO POWER PTY. LIMITED,Corporate Total,C,N/A,138482.0,38467.0,0,0.0,0,,N/A,N/A,N/A,N/A
HYDRO-ELECTRIC CORPORATION,Bastyan Hydro Power Station,F,TAS,1289717.0,358255.0,0,221.0,221,0.0,On,NEM,Hydro,N/A
HYDRO-ELECTRIC CORPORATION,Butlers Gorge Hydro Power Station,F,TAS,330501.0,91806.0,0,0.0,0,0.0,On,NEM,Hydro,N/A
HYDRO-ELECTRIC CORPORATION,Catagunya Hydro Power Station,F,TAS,781824.0,217173.0,0,22.0,22,0.0,On,NEM,Hydro,N/A
HYDRO-ELECTRIC CORPORATION,Cethana Hydro Power Station,F,TAS,870760.0,241878.0,0,98.0,98,0.0,On,NEM,Hydro,N/A
HYDRO-ELECTRIC CORPORATION,Cluny Hydro Power Station,F,TAS,293141.0,81428.0,0,9.0,9,0.0,On,NEM,Hydro,N/A
HYDRO-ELECTRIC CORPORATION,Devils Gate Hydro Power Station,F,TAS,942101.0,261695.0,0,27.0,27,0.0,On,NEM,Hydro,N/A
HYDRO-ELECTRIC CORPORATION,Fisher Hydro Power Station,F,TAS,460680.0,127967.0,0,3.0,3,0.0,On,NEM,Hydro,N/A
HYDRO-ELECTRIC CORPORATION,Flinders Island Power Station,F,TAS,13110.0,3642.0,2457,4.0,2461,0.67,Off,Off-grid,Wind/Diesel,N/A
HYDRO-ELECTRIC CORPORATION,Gordon Hydro Power Station,F,TAS,3822412.0,1061781.0,0,114.0,114,0.0,On,NEM,Hydro,N/A
HYDRO-ELECTRIC CORPORATION,John Butters Hydro Power Station,F,TAS,1766518.0,490699.0,0,631.0,631,0.0,On,NEM,Hydro,N/A
HYDRO-ELECTRIC CORPORATION,King Island Power Station,F,TAS,45436.0,12621.0,5037,4.0,5041,0.4,Off,Off-grid,Wind/Diesel,N/A
HYDRO-ELECTRIC CORPORATION,Lake Echo Hydro Power Station,F,TAS,120795.0,33554.0,0,21.0,21,0.0,On,NEM,Hydro,N/A
HYDRO-ELECTRIC CORPORATION,Lake Margaret Lower Hydro Power station,F,TAS,20435.0,5676.0,0,3.0,3,0.0,On,NEM,Hydro,N/A
HYDRO-ELECTRIC CORPORATION,Lake Margaret Upper Hydro Power Station,F,TAS,170131.0,47259.0,0,1.0,1,0.0,On,NEM,Hydro,N/A
HYDRO-ELECTRIC CORPORATION,Lemonthyme Hydro Power Station,F,TAS,926469.0,257353.0,0,55.0,55,0.0,On,NEM,Hydro,N/A
HYDRO-ELECTRIC CORPORATION,Liapootah Hydro Power Station,F,TAS,1491643.0,414345.0,0,467.0,467,0.0,On,NEM,Hydro,N/A
HYDRO-ELECTRIC CORPORATION,Mackintosh Hydro Power Station,F,TAS,1227923.0,341090.0,0,776.0,776,0.0,On,NEM,Hydro,N/A
HYDRO-ELECTRIC CORPORATION,Meadowbank Hydro Power Station,F,TAS,158933.0,44148.0,0,56.0,56,0.0,On,NEM,Hydro,N/A
HYDRO-ELECTRIC CORPORATION,Paloona Hydro Power Station,F,TAS,335083.0,93079.0,0,45.0,45,0.0,On,NEM,Hydro,N/A
HYDRO-ELECTRIC CORPORATION,Parangana Hydro Power Station,F,TAS,15066.0,4185.0,0,0.0,0,0.0,On,NEM,Hydro,N/A
HYDRO-ELECTRIC CORPORATION,Poatina Hydro Power Station,F,TAS,3798355.0,1055099.0,0,1994.0,1994,0.0,On,NEM,Hydro,N/A
HYDRO-ELECTRIC CORPORATION,Reece Hydro Power Station,F,TAS,3295055.0,915293.0,0,1976.0,1976,0.0,On,NEM,Hydro,N/A
HYDRO-ELECTRIC CORPORATION,Repulse Hydro Power Station,F,TAS,500556.0,139043.0,0,10.0,10,0.0,On,NEM,Hydro,N/A
HYDRO-ELECTRIC CORPORATION,Rowallan Hydro Power Station,F,TAS,84911.0,23586.0,0,8.0,8,0.0,On,NEM,Hydro,N/A
HYDRO-ELECTRIC CORPORATION,Tamar Valley Power Station,F,TAS,63619.0,17672.0,9276,2570.0,11846,0.52,On,NEM,Gas,N/A
HYDRO-ELECTRIC CORPORATION,Tarraleah Hydro Power Station,F,TAS,2275240.0,632011.0,0,102.0,102,0.0,On,NEM,Hydro,N/A
HYDRO-ELECTRIC CORPORATION,Tods Corner Hydro Power Station,F,TAS,20731.0,5759.0,0,3.0,3,0.0,On,NEM,Hydro,N/A
HYDRO-ELECTRIC CORPORATION,Trevallyn Hydro Power Station,F,TAS,1256107.0,348919.0,0,80.0,80,0.0,On,NEM,Hydro,N/A
HYDRO-ELECTRIC CORPORATION,Tribute Hydro Power Station,F,TAS,788456.0,219016.0,0,67.0,67,0.0,On,NEM,Hydro,N/A
HYDRO-ELECTRIC CORPORATION,Tungatinah Hydro Power Station,F,TAS,1530728.0,425202.0,0,156.0,156,0.0,On,NEM,Hydro,N/A
HYDRO-ELECTRIC CORPORATION,Wayatinah Hydro Power Station,F,TAS,874109.0,242808.0,0,29.0,29,0.0,On,NEM,Hydro,N/A
HYDRO-ELECTRIC CORPORATION,Wilmot Hydro Power Station,F,TAS,411351.0,114264.0,0,47.0,47,0.0,On,NEM,Hydro,N/A
HYDRO-ELECTRIC CORPORATION,Corporate Total,C,N/A,29981896.0,8328304.0,16770,9599.0,26369,,N/A,N/A,N/A,N/A
IFM RENEWABLE ENERGY PTY LTD,Challicum Hills Wind Farm,F,VIC,487533.0,135426.0,93,0.0,93,0.0,On,NEM,Wind,N/A
IFM RENEWABLE ENERGY PTY LTD,Clements Gap Wind Farm,F,SA,615683.0,171023.0,26,0.0,26,0.0,On,NEM,Wind,N/A
IFM RENEWABLE ENERGY PTY LTD,Codrington Wind Farm,F,VIC,160914.0,44698.0,24,0.0,24,0.0,On,NEM,Wind,N/A
IFM RENEWABLE ENERGY PTY LTD,Eildon Pondage Hydro,F,VIC,53020.0,14728.0,0,0.0,0,0.0,On,NEM,Hydro,N/A
IFM RENEWABLE ENERGY PTY LTD,Glenmaggie Hydro,F,VIC,24404.0,6779.0,0,0.0,0,0.0,On,NEM,Hydro,N/A
IFM RENEWABLE ENERGY PTY LTD,Ord Hydro,F,WA,742103.0,206140.0,18,0.0,18,0.0,Off,Off-grid,Hydro,N/A
IFM RENEWABLE ENERGY PTY LTD,Portland Wind Farms,F,VIC,1483286.0,412024.0,21,0.0,21,0.0,On,NEM,Wind,N/A
IFM RENEWABLE ENERGY PTY LTD,The Drop Hydro,F,NSW,28205.0,7835.0,0,0.0,0,0.0,On,NEM,Hydro,N/A
IFM RENEWABLE ENERGY PTY LTD,William Hovell Hydro,F,VIC,10659.0,2961.0,0,0.0,0,0.0,On,NEM,Hydro,N/A
IFM RENEWABLE ENERGY PTY LTD,Yambuk Wind Farm,F,VIC,324867.0,90241.0,107,0.0,107,0.0,On,NEM,Wind,N/A
IFM RENEWABLE ENERGY PTY LTD,Corporate Total,C,N/A,3930674.0,1091854.0,289,0.0,289,,N/A,N/A,N/A,N/A
INFIGEN ENERGY LIMITED,Alinta Wind Farm,F,WA,1190284.0,330634.0,47,624.0,671,0.0,On,SWIS,Wind,N/A
INFIGEN ENERGY LIMITED,Capital East Solar Farm,F,NSW,689.0,191.0,0,8.0,8,0.0,On,NEM,Solar,N/A
INFIGEN ENERGY LIMITED,Capital Wind Farm,F,NSW,1184184.0,328940.0,105,871.0,976,0.0,On,NEM,Wind,N/A
INFIGEN ENERGY LIMITED,"Lake Bonney Stage 1,2 & 3 Wind Farm",F,SA,2477929.0,688314.0,88,888.0,976,0.0,On,NEM,Wind,N/A
INFIGEN ENERGY LIMITED,Woodlawn Wind Farm,F,NSW,462471.0,128464.0,33,186.0,219,0.0,On,NEM,Wind,N/A
INFIGEN ENERGY LIMITED,Corporate Total,C,N/A,5315557.0,1476544.0,273,2577.0,2850,,N/A,N/A,N/A,N/A
IPM (KWINANA) PTY LTD,Kwinana Cogeneration Plant,F,WA,3212159.0,892266.0,462837,96.0,462933,0.52,On,SWIS,Gas,N/A
IPM (KWINANA) PTY LTD,Corporate Total,C,N/A,3212159.0,892266.0,462837,96.0,462933,,N/A,N/A,N/A,N/A
IPM AUSTRALIA LIMITED,Loy Yang B Power Station,F,VIC,31039276.0,8622021.0,9755875,1932.0,9757807,1.13,On,NEM,Brown Coal,N/A
IPM AUSTRALIA LIMITED,Corporate Total,C,N/A,31039276.0,8622021.0,9755875,1932.0,9757807,,N/A,N/A,N/A,N/A
LMS ENERGY PTY LTD,Albury Renewable Energy Facility,F,NSW,28779.0,7994.0,435,0.0,435,0.05,On,NEM,Landfill Gas,N/A
LMS ENERGY PTY LTD,Atlas Renewable Energy Facility,F,WA,16710.0,4642.0,266,0.0,266,0.06,On,SWIS,Landfill Gas,N/A
LMS ENERGY PTY LTD,Awaba Renewable Energy Facility,F,NSW,33021.0,9173.0,507,0.0,507,0.06,On,NEM,Landfill Gas,N/A
LMS ENERGY PTY LTD,Ballarat Renewable Energy Facility,F,VIC,18286.0,5079.0,295,0.0,295,0.06,On,NEM,Landfill Gas,N/A
LMS ENERGY PTY LTD,Bendigo Renewable Energy Facility,F,VIC,14097.0,3916.0,225,0.0,225,0.06,On,NEM,Solar,N/A
LMS ENERGY PTY LTD,Birkdale Renewable Energy Facility,F,QLD,24124.0,6701.0,364,0.0,364,0.05,On,NEM,Landfill Gas,N/A
LMS ENERGY PTY LTD,Darwin Renewable Energy Facility,F,NT,32365.0,8990.0,528,0.0,528,0.06,On,DKIS,Landfill Gas,N/A
LMS ENERGY PTY LTD,Eastern Creek 2 Renewable Energy Facility,F,NSW,229019.0,63616.0,3323,0.0,3323,0.05,On,NEM,Landfill Gas,N/A
LMS ENERGY PTY LTD,Hampton Park Renewable Energy Facility,F,VIC,220584.0,61273.0,3222,0.0,3222,0.05,On,NEM,Landfill Gas,N/A
LMS ENERGY PTY LTD,Ipswich Renewable Energy Facility,F,QLD,30219.0,8394.0,484,0.0,484,0.06,On,NEM,Landfill Gas,N/A
LMS ENERGY PTY LTD,Mornington Peninsula Renewable Energy Facility,F,VIC,20560.0,5711.0,320,0.0,320,0.06,On,NEM,Landfill Gas,N/A
LMS ENERGY PTY LTD,Newcastle Renewable Energy Facility,F,NSW,64817.0,18005.0,993,0.0,993,0.06,On,NEM,Landfill Gas,N/A
LMS ENERGY PTY LTD,Remount Renewable Energy Facility,F,TAS,52039.0,14455.0,816,0.0,816,0.06,On,NEM,Landfill Gas,N/A
LMS ENERGY PTY LTD,Rochedale Renewable Energy Facility,F,QLD,122074.0,33909.0,1927,0.0,1927,0.06,On,NEM,Landfill Gas,N/A
LMS ENERGY PTY LTD,Shepparton Renewable Energy Facility,F,VIC,16923.0,4701.0,279,0.0,279,0.06,On,NEM,Landfill Gas,N/A
LMS ENERGY PTY LTD,South Cardup Renewable Energy Facility,F,WA,94101.0,26139.0,1508,0.0,1508,0.06,On,SWIS,Landfill Gas,N/A
LMS ENERGY PTY LTD,Stapylton Renewable Energy Facility,F,QLD,15768.0,4380.0,265,0.0,265,0.06,On,NEM,Landfill Gas,N/A
LMS ENERGY PTY LTD,Suntown Renewable Energy Facility,F,QLD,135.0,38.0,1,0.0,1,0.03,On,NEM,Landfill Gas,N/A
LMS ENERGY PTY LTD,Swanbank Renewable Energy Facility,F,QLD,34266.0,9518.0,537,0.0,537,0.06,On,NEM,Landfill Gas,N/A
LMS ENERGY PTY LTD,Tweed Shire Renewable Energy Facility,F,NSW,6224.0,1729.0,106,0.0,106,0.06,On,NEM,Landfill Gas,N/A
LMS ENERGY PTY LTD,Wollert Renewable Energy Facility,F,VIC,196497.0,54583.0,2968,0.0,2968,0.05,On,NEM,Landfill Gas,N/A
LMS ENERGY PTY LTD,Wyndham Renewable Energy Facility,F,VIC,55620.0,15450.0,764,0.0,764,0.05,On,NEM,Landfill Gas,N/A
LMS ENERGY PTY LTD,Wyong Renewable Energy Facility,F,NSW,60714.0,16865.0,929,0.0,929,0.06,On,NEM,Landfill Gas,N/A
LMS ENERGY PTY LTD,Corporate Total,C,N/A,1386942.0,385262.0,21062,0.0,21062,,N/A,N/A,N/A,N/A
MACQUARIE GENERATION,Bayswater Power Station,F,NSW,11250900.0,3125250.0,2650584,0.0,2650584,0.85,On,NEM,Black Coal,"AGL Energy Limited purchased Macquarie Generation in September 2014. This includes the Bayswater Power Station, Liddell Power Station and Hunter Valley Gas Turbines facilities.  Macquarie Generation reported these facilities for part of the 2014-15 financial year and AGL Energy Limited reported for the remainder of the year."
MACQUARIE GENERATION,Hunter Valley Gas Turbines,F,NSW,238.0,66.0,102,191.0,293,1.54,On,NEM,Gas,"AGL Energy Limited purchased Macquarie Generation in September 2014. This includes the Bayswater Power Station, Liddell Power Station and Hunter Valley Gas Turbines facilities.  Macquarie Generation reported these facilities for part of the 2014-15 financial year and AGL Energy Limited reported for the remainder of the year."
MACQUARIE GENERATION,Liddell Power Station,F,NSW,4182213.0,1161726.0,1061536,4426.0,1065962,0.91,On,NEM,Black Coal,"AGL Energy Limited purchased Macquarie Generation in September 2014. This includes the Bayswater Power Station, Liddell Power Station and Hunter Valley Gas Turbines facilities.  Macquarie Generation reported these facilities for part of the 2014-15 financial year and AGL Energy Limited reported for the remainder of the year."
MACQUARIE GENERATION,Corporate Total,C,N/A,15433351.0,4287042.0,3712222,4617.0,3716839,,N/A,N/A,N/A,N/A
MERIDIAN ENERGY AUSTRALIA PTY LIMITED,Mt Mercer Wind farm Pty Ltd,F,VIC,1259336.0,349816.0,91,623.0,714,0.0,On,NEM,Wind,N/A
MERIDIAN ENERGY AUSTRALIA PTY LIMITED,Mt Millar Wind Farm Pty Ltd,F,SA,672546.0,186818.0,16,24.0,40,0.0,On,NEM,Wind,N/A
MERIDIAN ENERGY AUSTRALIA PTY LIMITED,Corporate Total,C,N/A,1931882.0,536634.0,107,647.0,754,,N/A,N/A,N/A,N/A
MITSUI & CO (AUSTRALIA) LTD,Bald Hills Wind Farm,F,VIC,237597.0,65999.0,45,431.0,476,0.0,On,NEM,Wind,N/A
MITSUI & CO (AUSTRALIA) LTD,Corporate Total,C,N/A,237597.0,65999.0,45,431.0,476,,N/A,N/A,N/A,N/A
MOMENTUM ENERGY PTY LIMITED,Alfred Hospital Cogeneration Plant,F,VIC,56229.0,15619.0,13869,590.0,14459,0.89,On,NEM,Gas,N/A
MOMENTUM ENERGY PTY LIMITED,Dandenong Hospital Cogeneration Plant,F,VIC,54404.0,15112.0,11329,429.0,11758,0.75,On,NEM,Gas,N/A
MOMENTUM ENERGY PTY LIMITED,Geelong Hospital Cogeneration Plant,F,VIC,55751.0,15486.0,12359,563.0,12922,0.8,On,NEM,Gas,N/A
MOMENTUM ENERGY PTY LIMITED,Royal Melbourne Hospital Cogeneration Plant,F,VIC,114442.0,31789.0,25321,953.0,26274,0.8,On,NEM,Gas,N/A
MOMENTUM ENERGY PTY LIMITED,ST. Vincent's Hospital Cogeneration Plant,F,VIC,56462.0,15684.0,13743,632.0,14375,0.88,On,NEM,Gas,N/A
MOMENTUM ENERGY PTY LIMITED,Corporate Total,C,N/A,337288.0,93691.0,76621,3167.0,79788,,N/A,N/A,N/A,N/A
MORTONS LANE WIND FARM (HOLDING) PTY LTD,Mortons Lane Windfarm Pty Ltd,F,VIC,224297.0,62305.0,0,0.0,0,0.0,On,NEM,Wind,N/A
MORTONS LANE WIND FARM (HOLDING) PTY LTD,Corporate Total,C,N/A,224297.0,62305.0,0,0.0,0,,N/A,N/A,N/A,N/A
NATIONAL POWER AUSTRALIA INVESTMENTS LIMITED,Hazelwood Power Station,F,VIC,39489921.0,10969423.0,15354936,192118.0,15547054,1.4,On,NEM,Brown Coal,N/A
NATIONAL POWER AUSTRALIA INVESTMENTS LIMITED,Corporate Total,C,N/A,39489921.0,10969423.0,15354936,192118.0,15547054,,N/A,N/A,N/A,N/A
NEW GULLEN RANGE WIND FARM  (HOLDING) PTY LTD,New Gullen Range Wind Farm Pty Ltd,F,NSW,1295661.0,359906.0,0,397.0,397,0.0,On,NEM,Wind,N/A
NEW GULLEN RANGE WIND FARM  (HOLDING) PTY LTD,Corporate Total,C,N/A,1295661.0,359906.0,0,397.0,397,,N/A,N/A,N/A,N/A
NEWGEN KWINANA HOLDINGS PTY LTD,Kwinana Gas Fired Power Station,F,WA,7750392.0,2152887.0,851682,3081.0,854763,0.4,On,SWIS,Gas,N/A
NEWGEN KWINANA HOLDINGS PTY LTD,Corporate Total,C,N/A,7750392.0,2152887.0,851682,3081.0,854763,,N/A,N/A,N/A,N/A
NRG VICTORIA I PTY LTD,Gladstone Power Station,F,QLD,23336871.0,6482464.0,6301561,55547.0,6357108,0.97,On,NEM,Black Coal,N/A
NRG VICTORIA I PTY LTD,Corporate Total,C,N/A,23336871.0,6482464.0,6301561,55547.0,6357108,,N/A,N/A,N/A,N/A
ORIGIN ENERGY LIMITED,Australand,F,NSW,4031.0,1120.0,668,48.0,716,0.6,On,NEM,Gas,N/A
ORIGIN ENERGY LIMITED,Ballarat Solar Park,F,VIC,658.0,183.0,0,2.0,2,0.0,On,NEM,Solar,N/A
ORIGIN ENERGY LIMITED,Bendigo Solar Park,F,VIC,1881.0,523.0,0,4.0,4,0.0,On,NEM,Solar,N/A
ORIGIN ENERGY LIMITED,Blackmores,F,NSW,4190.0,1164.0,807,50.0,857,0.69,On,NEM,Gas,N/A
ORIGIN ENERGY LIMITED,Bond,F,NSW,4349.0,1208.0,668,52.0,720,0.55,On,NEM,Gas,N/A
ORIGIN ENERGY LIMITED,Chifley Square,F,NSW,4395.0,1221.0,650,52.0,702,0.53,On,NEM,Gas,N/A
ORIGIN ENERGY LIMITED,Cullerin Wind Farm,F,NSW,325681.0,90467.0,19,105.0,124,0.0,On,NEM,Wind,N/A
ORIGIN ENERGY LIMITED,Dandenong,F,VIC,13681.0,3800.0,2129,232.0,2361,0.56,On,NEM,Gas,N/A
ORIGIN ENERGY LIMITED,Darling Downs Power Station,F,QLD,15616147.0,4337819.0,1767735,1581.0,1769316,0.41,On,NEM,Gas,N/A
ORIGIN ENERGY LIMITED,Drapac,F,VIC,2312.0,642.0,393,38.0,431,0.61,On,NEM,Gas,N/A
ORIGIN ENERGY LIMITED,Eraring Power Station,F,NSW,51539324.0,14316479.0,12289095,14022.0,12303117,0.86,On,NEM,Black Coal,N/A
ORIGIN ENERGY LIMITED,Exhibition Street,F,VIC,11341.0,3150.0,1710,186.0,1896,0.54,On,NEM,Gas,N/A
ORIGIN ENERGY LIMITED,Kent Street,F,NSW,11297.0,3138.0,1571,250.0,1821,0.5,On,NEM,Gas,N/A
ORIGIN ENERGY LIMITED,La Trobe,F,VIC,3089.0,858.0,521,83.0,604,0.61,On,NEM,Gas,N/A
ORIGIN ENERGY LIMITED,Ladbroke Grove Power Station,F,SA,663862.0,184406.0,96421,516.0,96937,0.52,On,NEM,Gas,N/A
ORIGIN ENERGY LIMITED,Mirvac,F,NSW,17071.0,4742.0,2584,220.0,2804,0.54,On,NEM,Gas,N/A
ORIGIN ENERGY LIMITED,Mortlake Power Station,F,VIC,4188517.0,1163477.0,617279,5853.0,623132,0.53,On,NEM,Gas,N/A
ORIGIN ENERGY LIMITED,Mount,F,NSW,5847.0,1624.0,891,70.0,961,0.55,On,NEM,Gas,N/A
ORIGIN ENERGY LIMITED,Mt Stuart Power Station,F,QLD,110955.0,30821.0,27037,4121.0,31158,0.88,On,NEM,Kerosene,N/A
ORIGIN ENERGY LIMITED,Quarantine Power Station,F,SA,774888.0,215247.0,157160,2065.0,159225,0.73,On,NEM,Gas,N/A
ORIGIN ENERGY LIMITED,Roma Power Station,F,QLD,746188.0,207274.0,134645,681.0,135326,0.65,On,NEM,Gas,N/A
ORIGIN ENERGY LIMITED,Shoalhaven Scheme,F,NSW,276441.0,76789.0,2,73496.0,73498,0.0,On,NEM,Hydro,N/A
ORIGIN ENERGY LIMITED,Stockland Headquarters,F,NSW,4647.0,1291.0,745,56.0,801,0.58,On,NEM,Gas,N/A
ORIGIN ENERGY LIMITED,University of NSW,F,NSW,8740.0,2428.0,1294,104.0,1398,0.53,On,NEM,Gas,N/A
ORIGIN ENERGY LIMITED,Uranquinty Power Station,F,NSW,1537782.0,427162.0,221484,5449.0,226933,0.52,On,NEM,Gas,N/A
ORIGIN ENERGY LIMITED,Corporate Total,C,N/A,75877314.0,21077032.0,15325508,109336.0,15434844,,N/A,N/A,N/A,N/A
OZGEN HOLDINGS AUSTRALIA PTY LTD,Callide C Power Station (facility),F,QLD,19988727.0,5552424.0,4961514,20952.0,4982466,0.89,On,NEM,Black Coal,"Please note that in some circumstances Joint Venture partners are required to report a full amount for each facility they have in a Joint Venture. This results in that facility appearing twice. The identified Joint Venture participants have each included the same data for the Callide C Power Station in their NGER reports. This is because neither participant had the greatest ability to introduce and implement the operating and environmental policies in relation to the facility, and a nomination of operational control has not been made."
OZGEN HOLDINGS AUSTRALIA PTY LTD,Millmerran Power Station (facility),F,QLD,23865350.0,6629264.0,5384007,4129.0,5388136,0.81,On,NEM,Black Coal,N/A
OZGEN HOLDINGS AUSTRALIA PTY LTD,Corporate Total,C,N/A,43854077.0,12181688.0,10345521,25081.0,10370602,,N/A,N/A,N/A,N/A
PELICAN POINT POWER LIMITED,Pelican Point Power Station,F,SA,3708417.0,1030116.0,411975,6659.0,418634,0.4,On,NEM,Gas,N/A
PELICAN POINT POWER LIMITED,Corporate Total,C,N/A,3708417.0,1030116.0,411975,6659.0,418634,,N/A,N/A,N/A,N/A
POWER AND WATER CORPORATION,Katherine Region,FA,NT,63066.0,17518.0,12363,0.0,12363,0.08,Off,Off-grid,Multiple sources,N/A
POWER AND WATER CORPORATION,Northern (Darwin) Region,FA,NT,224073.0,62243.0,43878,0.0,43878,0.7,Off,Off-grid,Multiple sources,N/A
POWER AND WATER CORPORATION,Remote Centres Generation,FA,NT,51189.0,14219.0,10283,0.0,10283,0.72,Off,Off-grid,Multiple sources,N/A
POWER AND WATER CORPORATION,Southern Region,FA,NT,100879.0,28022.0,19683,0.0,19683,0.7,Off,Off-grid,Multiple sources,N/A
POWER AND WATER CORPORATION,Corporate Total,C,N/A,439207.0,122002.0,86207,0.0,86207,,N/A,N/A,N/A,N/A
POWER GENERATION CORPORATION,Channel Island Power Station,F,NT,3520970.0,978047.0,607777,0.0,607777,0.62,On,DKIS,Gas,N/A
POWER GENERATION CORPORATION,Katherine Power Station,F,NT,55966.0,15546.0,12589,0.0,12589,0.81,On,DKIS,Gas,N/A
POWER GENERATION CORPORATION,Kings Canyon,F,NT,6202.0,1723.0,1141,0.0,1141,0.66,Off,Off-grid,Solar,N/A
POWER GENERATION CORPORATION,Owen Springs Power Station,F,NT,286571.0,79603.0,40674,0.0,40674,0.51,Off,Off-grid,Gas,N/A
POWER GENERATION CORPORATION,Ron Goodin Power Station,F,NT,334973.0,93048.0,62680,0.0,62680,0.67,Off,Off-grid,Gas,N/A
POWER GENERATION CORPORATION,Tennant Creek Power Station,F,NT,109184.0,30329.0,23220,0.0,23220,0.77,Off,Off-grid,Gas,N/A
POWER GENERATION CORPORATION,Weddell Power Station,F,NT,1576552.0,437931.0,270679,0.0,270679,0.62,On,DKIS,Gas,N/A
POWER GENERATION CORPORATION,Yulara Power Station,F,NT,86710.0,24086.0,15800,0.0,15800,0.66,Off,Off-grid,Gas/Diesel,N/A
POWER GENERATION CORPORATION,Corporate Total,C,N/A,5977128.0,1660313.0,1034560,0.0,1034560,,N/A,N/A,N/A,N/A
PRATT CONSOLIDATED HOLDINGS PTY. LTD.,Visy Energy - Coolaroo Co-gen,F,VIC,57190.0,15886.0,20066,11653.0,31719,1.26,On,NEM,Biofuel,N/A
PRATT CONSOLIDATED HOLDINGS PTY. LTD.,Corporate Total,C,N/A,57190.0,15886.0,20066,11653.0,31719,,N/A,N/A,N/A,N/A
RATCH - AUSTRALIA CORPORATION LIMITED,Kemerton Power Station,F,WA,302277.0,83966.0,54862,2534.0,57396,0.65,On,SWIS,Gas/Diesel,N/A
RATCH - AUSTRALIA CORPORATION LIMITED,Starfish Hill Wind Farm,F,SA,326963.0,90823.0,45,59.0,104,0.0,On,NEM,Wind,N/A
RATCH - AUSTRALIA CORPORATION LIMITED,Toora Wind Farm,F,VIC,186002.0,51667.0,20,269.0,289,0.0,On,NEM,Wind,N/A
RATCH - AUSTRALIA CORPORATION LIMITED,Townsville Power Station,F,QLD,290779.0,80772.0,39843,2758.0,42601,0.49,On,NEM,Gas,N/A
RATCH - AUSTRALIA CORPORATION LIMITED,Windy Hill Wind Farm,F,QLD,112473.0,31243.0,18,15.0,33,0.0,On,NEM,Wind,N/A
RATCH - AUSTRALIA CORPORATION LIMITED,Corporate Total,C,N/A,1218494.0,338471.0,94788,5635.0,100423,,N/A,N/A,N/A,N/A
REGIONAL POWER CORPORATION,Carnarvon Power Station,F,WA,165889.0,46080.0,26831,0.0,26831,0.58,Off,Off-grid,Gas,N/A
REGIONAL POWER CORPORATION,Horizon Power Aggregated Minor Power Stations,FA,WA,42232.0,11731.0,7794,0.0,7794,0.66,Off,Off-grid,Diesel,N/A
REGIONAL POWER CORPORATION,South Hedland Temporary Generation Power Station,F,WA,215850.0,59958.0,43013,0.0,43013,0.72,On,NWIS,Gas,N/A
REGIONAL POWER CORPORATION,Corporate Total,C,N/A,423971.0,117770.0,77638,0.0,77638,,N/A,N/A,N/A,N/A
RIO TINTO LIMITED,Paraburdoo Power Station,F,WA,2051703.0,569918.0,322110,0.0,322110,0.57,On,NWIS,Gas,N/A
RIO TINTO LIMITED,West Angelas Power Station,F,WA,2247.0,624.0,4670,0.0,4670,7.48,On,NWIS,Gas,N/A
RIO TINTO LIMITED,Yurralyi Maya Power Station,F,WA,3518017.0,977227.0,527491,0.0,527491,0.54,On,NWIS,Gas,N/A
RIO TINTO LIMITED,Corporate Total,C,N/A,5571967.0,1547769.0,854271,0.0,854271,,N/A,N/A,N/A,N/A
ROYALLA HOLDINGS ASSET PTY LTD,Royalla Solar Farm,F,ACT,49475.0,13743.0,0,85.0,85,0.0,On,NEM,Solar,N/A
ROYALLA HOLDINGS ASSET PTY LTD,Corporate Total,C,N/A,49475.0,13743.0,0,85.0,85,,N/A,N/A,N/A,N/A
SANTOS LTD,Wilga Park Power Station,F,NSW,194465.0,54018.0,30404,175.0,30579,0.56,On,NEM,Coal Seam Methane,N/A
SANTOS LTD,Corporate Total,C,N/A,194465.0,54018.0,30404,175.0,30579,,N/A,N/A,N/A,N/A
SENVION HOLDINGS PTY LTD,Wonthaggi Wind Farm,F,VIC,102127.0,28369.0,5,0.0,5,0.0,On,NEM,Wind,N/A
SENVION HOLDINGS PTY LTD,Corporate Total,C,N/A,102127.0,28369.0,5,0.0,5,,N/A,N/A,N/A,N/A
SHENHUA CLEAN ENERGY HOLDINGS PTY LTD,Musselroe Wind Farm Pty Ltd,F,TAS,1900382.0,527884.0,151,2881.0,3032,0.0,On,NEM,Wind,N/A
SHENHUA CLEAN ENERGY HOLDINGS PTY LTD,Woolnorth Bluff point Wind Farm Pty Ltd,F,TAS,872765.0,242435.0,76,4756.0,4832,0.0,On,NEM,Wind,N/A
SHENHUA CLEAN ENERGY HOLDINGS PTY LTD,Woolnorth Studland Bay Wind Farm Pty Ltd,F,TAS,1008270.0,280075.0,83,5486.0,5569,0.0,On,NEM,Wind,N/A
SHENHUA CLEAN ENERGY HOLDINGS PTY LTD,Corporate Total,C,N/A,3781417.0,1050394.0,310,13123.0,13433,,N/A,N/A,N/A,N/A
SNOWTOWN SOUTH WIND FARM PTY. LTD.,SNOWTOWN SOUTH WIND FARM,F,SA,1538563.0,427379.0,47,148.0,195,0.0,On,NEM,Wind,N/A
SNOWTOWN SOUTH WIND FARM PTY. LTD.,Corporate Total,C,N/A,1538563.0,427379.0,47,148.0,195,,N/A,N/A,N/A,N/A
SNOWTOWN WIND FARM PTY LTD,Snowtown Wind Farm,F,SA,1229676.0,341577.0,0,202.0,202,0.0,On,NEM,Wind,N/A
SNOWTOWN WIND FARM PTY LTD,Corporate Total,C,N/A,1229676.0,341577.0,0,202.0,202,,N/A,N/A,N/A,N/A
SNOWTOWN WIND FARM STAGE 2 PTY. LTD.,SNOWTOWN WIND FARM STAGE 2,F,SA,1493388.0,414830.0,54,203.0,257,0.0,On,NEM,Wind,N/A
SNOWTOWN WIND FARM STAGE 2 PTY. LTD.,Corporate Total,C,N/A,1493388.0,414830.0,54,203.0,257,,N/A,N/A,N/A,N/A
SNOWY HYDRO LIMITED,Angaston Power Station,F,SA,5951.0,1653.0,895,569.0,1464,0.54,On,NEM,Liquid Fuel,N/A
SNOWY HYDRO LIMITED,Colongra Power Station,F,NSW,7027.0,1952.0,4646,2716.0,7362,2.38,On,NEM,Gas,N/A
SNOWY HYDRO LIMITED,HEZ Power Station,F,NSW,840.0,233.0,149,519.0,668,0.64,On,NEM,Diesel,N/A
SNOWY HYDRO LIMITED,Laverton North Power Station,F,VIC,4119.0,1144.0,1854,3292.0,5146,1.62,On,NEM,Gas,N/A
SNOWY HYDRO LIMITED,Lonsdale/Port Stanvac Power Station,F,SA,13511.0,3753.0,2083,307.0,2390,0.56,On,NEM,Diesel,N/A
SNOWY HYDRO LIMITED,Snowy Hydro Ltd,F,NSW,9322679.0,2589633.0,1312,113899.0,115211,0.0,On,NEM,Hydro,N/A
SNOWY HYDRO LIMITED,Valley Power,F,VIC,18715.0,5199.0,4314,2946.0,7260,0.83,On,NEM,Gas,N/A
SNOWY HYDRO LIMITED,Corporate Total,C,N/A,9372842.0,2603567.0,15253,124248.0,139501,,N/A,N/A,N/A,N/A
STANWELL CORPORATION LIMITED,Barron Gorge Power Station,F,QLD,625416.0,173727.0,206,638.0,844,0.0,On,NEM,Hydro,N/A
STANWELL CORPORATION LIMITED,Kareeya Power Station,F,QLD,1614214.0,448393.0,35,1213.0,1248,0.0,On,NEM,Hydro,N/A
STANWELL CORPORATION LIMITED,Mackay Gas Turbine,F,QLD,1049.0,291.0,332,3.0,335,1.14,On,NEM,Diesel,N/A
STANWELL CORPORATION LIMITED,Mica Creek Power Station,F,QLD,2316247.0,643402.0,307351,0.0,307351,0.48,On,Mt Isa,Gas,N/A
STANWELL CORPORATION LIMITED,Stanwell Power Station,F,QLD,31516125.0,8754479.0,7396349,6645.0,7402994,0.84,On,NEM,Black Coal,N/A
STANWELL CORPORATION LIMITED,Swanbank E Power Station,F,QLD,3430389.0,952886.0,341746,2663.0,344409,0.36,On,NEM,Gas,N/A
STANWELL CORPORATION LIMITED,Tarong Power Stations,F,QLD,27422475.0,7617354.0,6690964,38225.0,6729189,0.88,On,NEM,Black Coal,N/A
STANWELL CORPORATION LIMITED,Corporate Total,C,N/A,66925915.0,18590532.0,14736983,49387.0,14786370,,N/A,N/A,N/A,N/A
SYNERGEN POWER PTY LIMITED,Dry Creek Power Station,F,SA,17591.0,4886.0,6105,525.0,6630,1.25,On,NEM,Gas,N/A
SYNERGEN POWER PTY LIMITED,Mintaro Power Station,F,SA,25681.0,7134.0,5795,144.0,5939,0.81,On,NEM,Gas,N/A
SYNERGEN POWER PTY LIMITED,Port Lincoln Power Station,F,SA,1386.0,385.0,551,381.0,932,1.43,On,NEM,Diesel,N/A
SYNERGEN POWER PTY LIMITED,Snuggery Power Station,F,SA,1350.0,375.0,510,583.0,1093,1.36,On,NEM,Diesel,N/A
SYNERGEN POWER PTY LIMITED,Corporate Total,C,N/A,46008.0,12780.0,12961,1633.0,14594,,N/A,N/A,N/A,N/A
TRANSALTA ENERGY (AUSTRALIA) PTY LTD,Kalgoorlie Power Station,F,WA,581978.0,161661.0,103462,0.0,103462,0.64,On,SWIS,Gas,N/A
TRANSALTA ENERGY (AUSTRALIA) PTY LTD,Kambalda Power Station,F,WA,651671.0,181020.0,114377,0.0,114377,0.63,On,SWIS,Gas,N/A
TRANSALTA ENERGY (AUSTRALIA) PTY LTD,Leinster Power Station,F,WA,1011064.0,280851.0,154478,0.0,154478,0.55,Off,Off-grid,Gas/Diesel,N/A
TRANSALTA ENERGY (AUSTRALIA) PTY LTD,Mt Keith Power Station,F,WA,1106066.0,307241.0,179213,0.0,179213,0.58,Off,Off-grid,Gas,N/A
TRANSALTA ENERGY (AUSTRALIA) PTY LTD,Solomon Power Station,F,WA,864667.0,240185.0,218293,0.0,218293,0.91,Off,Off-grid,Gas/Diesel,N/A
TRANSALTA ENERGY (AUSTRALIA) PTY LTD,Corporate Total,C,N/A,4215446.0,1170957.0,769823,0.0,769823,,N/A,N/A,N/A,N/A
WATER CORPORATION,Cocos Keeling Islands Generation,FA,WA,20311.0,5642.0,3886,0.0,3886,0.69,Off,Off-grid,Liquid Fuel,N/A
WATER CORPORATION,Corporate Total,C,N/A,20311.0,5642.0,3886,0.0,3886,,N/A,N/A,N/A,N/A
WORLEYPARSONS LIMITED,Exmouth Power Station,F,WA,81850.0,22736.0,15883,0.0,15883,0.7,Off,Off-grid,Gas,N/A
WORLEYPARSONS LIMITED,Corporate Total,C,N/A,81850.0,22736.0,15883,0.0,15883,,N/A,N/A,N/A,N/A
